34200.004241176,1,16113575,18,5853300,1
34200.00426064,1,16113584,18,5853200,1
34200.004447484,1,16113594,18,5853100,1
34200.025551909,1,16120456,18,5859100,-1
34200.025579546,1,16120480,18,5859200,-1
34200.025613151,1,16120503,18,5859300,-1
34200.050241056,1,16127688,100,5850000,1
34200.201517942,1,16166035,100,5859300,-1
34200.201735987,3,16113594,18,5853100,1
34200.201742395,3,16113584,18,5853200,1
34200.201743336,3,16120456,18,5859100,-1
34200.201768069,3,16120503,18,5859300,-1
34200.201780978,3,16120480,18,5859200,-1
34200.20196619,1,16166175,2,5849900,1
34200.205573445,1,16167159,18,5853600,1
34200.2055966,1,16167166,18,5853500,1
34200.271739507,1,3647217,20,5857300,1
34200.271739507,1,5740544,40,5857400,-1
34200.271739507,1,2109823,50,5857000,1
34200.271739507,1,3570647,50,5857500,-1
34200.271739507,1,3237773,20,5856900,1
34200.271739507,1,3647221,5,5857500,-1
34200.271739507,1,3583158,5,5856500,1
34200.271739507,1,3647222,7,5857500,-1
34200.271739507,1,3647220,20,5856400,1
34200.271739507,1,5230851,20,5857500,-1
34200.271739507,1,4731250,3,5856000,1
34200.271739507,1,1373927,25,5857800,-1
34200.271739507,1,1601225,20,5857800,-1
34200.271739507,1,2606421,4,5858000,-1
34200.271739507,1,1364835,5,5858200,-1
34200.271739507,1,7277867,7,5858300,-1
34200.274847385,3,16167159,18,5853600,1
34200.274847884,3,16113575,18,5853300,1
34200.274930282,3,16167166,18,5853500,1
34200.275016159,4,5740544,40,5857400,-1
34200.275016159,4,3570647,25,5857500,-1
34200.275057494,4,3647217,1,5857300,1
34200.275063291,4,3647217,10,5857300,1
34200.275072491,4,3570647,25,5857500,-1
34200.275072491,4,3647221,5,5857500,-1
34200.275072491,4,3647222,7,5857500,-1
34200.275072491,4,5230851,20,5857500,-1
34200.275072491,4,1373927,25,5857800,-1
34200.275072491,4,1601225,20,5857800,-1
34200.275072491,5,0,100,5857900,-1
34200.275072491,4,2606421,4,5858000,-1
34200.275072491,4,1364835,5,5858200,-1
34200.275072491,4,7277867,7,5858300,-1
34200.275072491,5,0,3,5859000,-1
34200.275072491,5,0,200,5859000,-1
34200.275072491,5,0,1,5859100,-1
34200.275072491,5,0,1,5859200,-1
34200.275072491,5,0,300,5859200,-1
34200.275072491,4,16166035,37,5859300,-1
34200.275086737,1,16182629,100,5852500,1
34200.275123235,1,16182649,50,5857400,1
34200.27720806,3,15836282,100,5868900,-1
34200.27769919,3,15847383,100,5873900,-1
34200.28039589,1,16183794,18,5857700,1
34200.280424426,1,16183801,18,5857600,1
34200.280445789,1,16183806,18,5857500,1
34200.293839785,1,16186225,100,5857000,1
34200.347390612,1,16196199,100,5859300,-1
34200.358687488,4,16166035,4,5859300,-1
34200.393802798,1,16207125,100,5859400,-1
34200.393976201,3,16182649,50,5857400,1
34200.39400159,3,16183801,18,5857600,1
34200.394003147,3,16183806,18,5857500,1
34200.394047899,1,16207170,100,5859900,-1
34200.395116567,1,16207442,200,5859800,-1
34200.417746832,4,16183794,18,5857700,1
34200.417746832,4,3647217,9,5857300,1
34200.417746832,5,0,23,5857200,1
34200.418943908,5,0,77,5857200,1
34200.418943908,4,2109823,23,5857000,1
34200.419089711,1,16211220,18,5859200,-1
34200.459503459,3,16186225,100,5857000,1
34200.459699729,1,16220046,100,5854500,1
34200.484612533,1,16225065,300,5870000,-1
34200.484767735,1,16225109,300,5870000,-1
34200.502025984,3,16220046,100,5854500,1
34200.544528304,1,16235607,5,5863300,-1
34200.610599577,3,16196199,100,5859300,-1
34200.610751386,3,16211220,18,5859200,-1
34200.615388767,1,16249592,100,5854400,1
34200.698811337,1,16265081,100,5854500,1
34200.701389248,1,16265573,100,5858700,-1
34200.702573634,1,16265761,67,5854400,1
34200.763059946,4,2109823,1,5857000,1
34200.833565295,3,16265081,100,5854500,1
34200.833761339,1,16284218,100,5857000,1
34200.834524603,3,16284218,100,5857000,1
34200.834769362,1,16284304,100,5854500,1
34200.887406162,5,0,47,5858600,-1
34200.887488522,1,16291236,18,5857000,1
34200.887548747,1,16291244,18,5857100,1
34200.88823905,3,16284304,100,5854500,1
34200.888356919,1,16291389,100,5856000,1
34200.888641822,3,16291389,100,5856000,1
34200.888800256,1,16291456,100,5856100,1
34200.911977878,1,16294463,100,5857400,1
34200.918220904,1,16295892,100,5858900,-1
34200.96295406,3,15469408,150,5853000,1
34201.00965512,5,0,200,5857500,1
34201.00965512,5,0,300,5857500,1
34201.0098547,3,16291236,18,5857000,1
34201.009876509,3,16291244,18,5857100,1
34201.011225241,3,16291456,100,5856100,1
34201.011352575,4,16294463,100,5857400,1
34201.011358882,1,16309766,100,5854200,1
34201.014980201,4,2109823,26,5857000,1
34201.015080514,4,3237773,20,5856900,1
34201.015180053,1,16310817,18,5856600,1
34201.015508486,3,16309766,100,5854200,1
34201.015781125,1,16310958,100,5854600,1
34201.01601494,3,16310958,100,5854600,1
34201.01616858,1,16311061,100,5855400,1
34201.0316505,3,16311061,100,5855400,1
34201.03180654,1,16314560,100,5855600,1
34201.043832887,1,16316688,18,5856900,1
34201.045274853,3,16314560,100,5855600,1
34201.045527313,1,16316953,100,5855100,1
34201.151828026,1,3647224,15,5855900,1
34201.151828026,1,4566937,5,5859800,-1
34201.151828026,1,4725584,1,5855500,1
34201.151828026,1,4725977,15,5859900,-1
34201.151828026,1,2118573,9,5855000,1
34201.151828026,1,2109819,100,5860000,-1
34201.151828026,1,3562118,5,5855000,1
34201.151828026,1,2126847,120,5860000,-1
34201.151828026,1,9480911,25,5855000,1
34201.151828026,1,2851758,3,5860000,-1
34201.151828026,1,2881480,25,5860000,-1
34201.151828026,1,3305469,20,5860000,-1
34201.151828026,1,3559332,3,5860000,-1
34201.151828026,1,3569136,8,5860000,-1
34201.151828026,1,3647225,20,5860000,-1
34201.151828026,1,3689528,65,5860000,-1
34201.151828026,1,4730816,50,5860000,-1
34201.151828026,1,4985450,10,5860000,-1
34201.151828026,1,5395985,1,5860000,-1
34201.151828026,1,6325489,500,5860000,-1
34201.151828026,1,9433882,35,5860000,-1
34201.151828026,1,9303209,18,5865000,-1
34201.151828026,1,10296777,40,5865000,-1
34201.160865762,3,16316953,100,5855100,1
34201.161036737,1,16335544,100,5855000,1
34201.171165592,3,16335544,100,5855000,1
34201.171269639,3,16310817,18,5856600,1
34201.171271698,3,16316688,18,5856900,1
34201.171316864,1,16337151,100,5854700,1
34201.17297637,4,3583158,5,5856500,1
34201.17297637,4,3647220,20,5856400,1
34201.17297637,4,4731250,3,5856000,1
34201.17297637,4,3647224,15,5855900,1
34201.17297637,4,4725584,1,5855500,1
34201.17297637,4,2118573,9,5855000,1
34201.17297637,4,3562118,5,5855000,1
34201.17297637,4,9480911,25,5855000,1
34201.17297637,5,0,17,5855000,1
34201.173094452,1,16337399,18,5858700,-1
34201.1731408,1,16337407,5,5858600,-1
34201.173141799,1,16337408,13,5858600,-1
34201.173174928,1,16337414,18,5854800,1
34201.17320583,1,16337423,18,5858400,-1
34201.173235656,1,16337430,18,5858500,-1
34201.173275985,1,16337440,3,5858600,-1
34201.174179399,3,16337151,100,5854700,1
34201.174431517,1,16337597,100,5854200,1
34201.183611554,5,0,53,5855000,1
34201.183713008,1,16338748,15,5854900,1
34201.188030854,5,0,20,5855000,1
34201.188124042,1,16339418,15,5858300,-1
34201.383969258,3,16207170,100,5859900,-1
34201.384145378,3,16337414,18,5854800,1
34201.384146714,3,16337399,18,5858700,-1
34201.384168451,3,16337423,18,5858400,-1
34201.384171513,3,16337407,5,5858600,-1
34201.384173402,3,16337408,13,5858600,-1
34201.384201303,3,16337430,18,5858500,-1
34201.384201862,3,16337440,3,5858600,-1
34201.384238778,3,16338748,15,5854900,1
34201.385122778,3,16207125,100,5859400,-1
34201.385872716,3,16207442,200,5859800,-1
34201.39750588,1,16365896,100,5858000,-1
34201.422204025,1,16368700,200,5858900,-1
34201.422300991,3,16339418,15,5858300,-1
34201.536315252,1,16380157,18,5857700,-1
34201.536372648,1,16380182,18,5857800,-1
34201.536410771,1,16380189,18,5857900,-1
34201.536412448,1,16380190,18,5858000,-1
34201.732217592,1,16396043,18,5854700,1
34201.732253626,1,16396051,5,5854600,1
34201.732358753,3,16380189,18,5857900,-1
34201.73236517,3,16380157,18,5857700,-1
34201.732368385,3,16380182,18,5857800,-1
34201.732392812,3,16380190,18,5858000,-1
34201.840762287,1,16402634,18,5857700,-1
34201.840808542,1,16402643,18,5857800,-1
34201.840818555,1,16402646,18,5857900,-1
34201.840851751,1,16402650,18,5858000,-1
34202.030342281,4,16396043,18,5854700,1
34202.030342281,4,16396051,5,5854600,1
34202.030342281,5,0,77,5854500,1
34202.030451996,1,16415481,13,5857600,-1
34202.030592674,3,16402646,18,5857900,-1
34202.030597882,3,16402643,18,5857800,-1
34202.030618578,3,16402650,18,5858000,-1
34202.034349986,1,16415792,18,5857300,-1
34202.034385712,1,16415796,18,5857500,-1
34202.034400011,1,16415798,18,5857400,-1
34202.034430195,1,16415801,9,5857600,-1
34202.179737249,5,0,200,5854600,1
34202.179947146,3,16402634,18,5857700,-1
34202.179949106,3,16415796,18,5857500,-1
34202.17997144,3,16415481,13,5857600,-1
34202.179972369,3,16415801,9,5857600,-1
34202.179996508,3,16415798,18,5857400,-1
34202.255253777,5,0,4,5854500,1
34202.255253777,5,0,26,5854500,1
34202.255342116,1,16445672,18,5857300,-1
34202.25538437,1,16445684,10,5857200,-1
34202.255391393,1,16445687,8,5857200,-1
34202.255445644,1,16445707,18,5857200,-1
34202.260745221,3,16337597,100,5854200,1
34202.269697512,1,16449896,100,5854400,1
34202.272992647,3,16449896,100,5854400,1
34202.274476054,1,16450945,100,5854200,1
34202.383483898,3,16368700,200,5858900,-1
34202.383613299,3,16445687,8,5857200,-1
34202.383614811,3,16445707,18,5857200,-1
34202.383618942,3,16415792,18,5857300,-1
34202.383620122,3,16445672,18,5857300,-1
34202.383643886,3,16445684,10,5857200,-1
34202.38517469,1,16467671,100,5858100,-1
34202.491436937,3,16450945,100,5854200,1
34202.491574399,1,16479076,100,5856900,1
34202.491899451,3,16479076,100,5856900,1
34202.492023165,1,16479170,100,5854200,1
34202.565551981,1,16486693,18,5857700,-1
34202.565614779,1,16486703,8,5857900,-1
34202.565632045,1,16486709,18,5857800,-1
34202.565655722,1,16486714,10,5857900,-1
34202.565666844,1,16486717,18,5858000,-1
34202.57908587,3,16479170,100,5854200,1
34202.579213337,1,16488533,100,5854700,1
34202.682315289,1,16497956,18,5857400,-1
34202.682348971,1,16497960,4,5857500,-1
34202.682449351,3,16486703,8,5857900,-1
34202.682454219,3,16486709,18,5857800,-1
34202.682455457,3,16486714,10,5857900,-1
34202.682477482,3,16486717,18,5858000,-1
34202.682720418,1,16497983,18,5857100,-1
34202.682743247,1,16497988,2,5857200,-1
34202.737723008,1,16502634,100,5857100,-1
34202.75688423,1,16504889,18,5856800,-1
34202.756909029,1,16504892,16,5856900,-1
34203.011800486,3,16488533,100,5854700,1
34203.011926972,4,16504889,18,5856800,-1
34203.011926972,4,16504892,16,5856900,-1
34203.011926972,1,16527925,66,5857000,1
34203.011987557,3,16486693,18,5857700,-1
34203.011988208,3,16497956,18,5857400,-1
34203.011990228,3,16497960,4,5857500,-1
34203.011990843,3,16497988,2,5857200,-1
34203.012001355,3,16497983,18,5857100,-1
34203.012050158,4,16527925,66,5857000,1
34203.012287906,1,16527982,18,5854500,1
34203.08949192,1,16535218,18,5856800,-1
34203.089511576,1,16535225,18,5856900,-1
34203.089539994,1,16535228,18,5857000,-1
34203.089562562,1,16535234,18,5857100,-1
34203.122241619,1,16538191,10,5854600,1
34203.12232224,3,16527982,18,5854500,1
34203.132689191,1,16539283,12,5856500,-1
34203.295569158,4,16539283,12,5856500,-1
34203.295569158,4,16535218,18,5856800,-1
34203.295665697,1,16554356,18,5854600,1
34203.295815832,3,16535228,18,5857000,-1
34203.295825553,3,16535225,18,5856900,-1
34203.295826267,3,16535234,18,5857100,-1
34203.32184964,1,16556387,100,5853700,1
34203.324279569,5,0,26,5857000,-1
34203.324279569,5,0,44,5857000,-1
34203.32437532,1,16556599,10,5854700,1
34203.407470515,1,16563530,18,5856800,-1
34203.407505157,1,16563536,18,5856900,-1
34203.407510264,1,16563538,18,5857000,-1
34203.40754895,1,16563541,16,5857100,-1
34203.59994379,1,11599111,230,5853000,1
34203.59994379,1,13126986,10,5851700,1
34203.600154641,3,16538191,10,5854600,1
34203.600164031,3,16563536,18,5856900,-1
34203.600165108,3,16563541,16,5857100,-1
34203.600168005,3,16554356,18,5854600,1
34203.600207608,3,16556599,10,5854700,1
34203.600228364,3,16563530,18,5856800,-1
34203.600245629,3,16563538,18,5857000,-1
34203.954770435,1,16617159,18,5854500,1
34204.105356795,1,16632807,18,5854700,1
34204.105407447,1,16632813,2,5854600,1
34204.127697885,3,16502634,100,5857100,-1
34204.328788797,1,16655686,16,5857900,-1
34204.328820921,1,16655691,18,5858000,-1
34204.328918827,3,16617159,18,5854500,1
34204.328940476,3,16632807,18,5854700,1
34204.328981067,3,16632813,2,5854600,1
34204.36362978,1,16658480,18,5854700,1
34204.363658209,1,16658483,18,5854600,1
34204.36368474,1,16658486,2,5854500,1
34204.398386311,1,16661173,18,5857600,-1
34204.398422624,1,16661182,18,5857700,-1
34204.567472902,3,16556387,100,5853700,1
34204.567646478,3,16655686,16,5857900,-1
34204.567665764,3,16658483,18,5854600,1
34204.567667208,3,16655691,18,5858000,-1
34204.56766787,3,16658480,18,5854700,1
34204.567694597,3,16658486,2,5854500,1
34204.567695304,3,16661182,18,5857700,-1
34204.567732501,3,16661173,18,5857600,-1
34204.570825637,1,16675424,16,5857900,-1
34204.570865938,1,16675431,18,5858000,-1
34204.576711342,1,16675936,100,5854700,1
34204.577104419,1,16675969,900,5856800,-1
34204.62133869,1,16679201,18,5856700,-1
34204.894275109,1,16704576,18,5855000,1
34204.894370914,1,16704590,18,5854900,1
34204.894391087,1,16704592,2,5854800,1
34204.894441721,3,16675424,16,5857900,-1
34204.894450815,3,16675431,18,5858000,-1
34204.894471165,3,16679201,18,5856700,-1
34205.175095396,4,16675969,50,5856800,-1
34205.175277367,3,16704576,18,5855000,1
34205.175293104,3,16704590,18,5854900,1
34205.175294192,3,16704592,2,5854800,1
34205.181076298,1,16730960,100,5856800,-1
34205.308995297,1,16746392,18,5856500,-1
34205.382317056,3,16730960,100,5856800,-1
34205.388462148,1,16752894,100,5856500,-1
34205.734539337,4,16746392,18,5856500,-1
34205.734539337,4,16752894,63,5856500,-1
34205.765156633,4,16752894,37,5856500,-1
34205.765156633,4,16675969,263,5856800,-1
34205.765257746,1,16779043,18,5854700,1
34205.765316823,1,16779073,14,5854800,1
34205.766878478,4,16675969,132,5856800,-1
34205.768387095,4,16675969,59,5856800,-1
34205.771753648,1,16781704,18,5856700,-1
34206.290141263,1,16818091,7,5854800,1
34206.29025491,3,16779043,18,5854700,1
34206.290260156,3,16779073,14,5854800,1
34206.290261072,3,16781704,18,5856700,-1
34206.290892881,1,16818125,53,5854800,1
34206.29123036,1,16818137,52,5854800,1
34206.291527335,1,16818156,1,5854800,1
34206.291814072,1,16818175,5,5854800,1
34206.291925675,1,16818181,45,5854800,1
34206.29195232,1,16818182,39,5854800,1
34206.292254316,1,16818198,27,5854800,1
34206.801157647,1,16841958,18,5856600,-1
34206.965352065,5,0,100,5855800,1
34206.965510203,3,16841958,18,5856600,-1
34207.531993783,1,16879396,100,5858000,-1
34207.94770667,3,16182629,100,5852500,1
34208.041353062,1,16898660,2,5856800,-1
34208.48306653,1,16914630,100,5854900,1
34208.70287486,3,16818091,7,5854800,1
34208.703312634,3,16818125,53,5854800,1
34208.839912684,3,16818137,52,5854800,1
34208.840433832,3,16818156,1,5854800,1
34209.21194364,1,16939575,42,5854900,1
34209.442705504,3,16265761,67,5854400,1
34209.442788623,3,16818175,5,5854800,1
34209.477500287,1,16948611,320,5856800,-1
34209.481087627,1,16948722,320,5856800,-1
34209.489945829,4,16675969,225,5856800,-1
34209.494770026,1,16949037,67,5854900,1
34209.506557426,3,16948611,320,5856800,-1
34209.522721597,1,16949716,320,5856800,-1
34209.525706867,3,16818181,45,5854800,1
34209.54252448,4,16675969,28,5856800,-1
34209.542622307,1,16950346,18,5855000,1
34209.780716781,4,16950346,18,5855000,1
34209.780716781,4,16914630,100,5854900,1
34209.780716781,4,16939575,42,5854900,1
34209.780716781,4,16949037,40,5854900,1
34209.780806936,1,16957682,18,5856800,-1
34209.780840766,1,16957685,18,5856700,-1
34209.784078285,5,0,44,5855000,1
34209.784078285,4,16949037,27,5854900,1
34209.786185996,4,16818182,39,5854800,1
34209.786185996,4,16818198,27,5854800,1
34209.786185996,4,16675936,34,5854700,1
34209.786266076,1,16958115,2,5856600,-1
34209.801542957,3,16675936,66,5854700,1
34209.808502833,1,16958771,66,5854900,1
34209.828774041,4,16958771,66,5854900,1
34209.828774041,4,16249592,34,5854400,1
34209.829435704,1,16959555,169,5856600,-1
34209.830562764,3,16959555,169,5856600,-1
34209.831705108,1,16959614,169,5856600,-1
34209.832801235,3,16959614,169,5856600,-1
34209.833894341,1,16959673,169,5856600,-1
34209.834919765,3,16959673,169,5856600,-1
34210.047332639,1,16972144,18,5854700,1
34210.047372286,1,16972157,4,5854600,1
34210.047425375,1,16972164,200,5859100,-1
34210.047452914,3,16957682,18,5856800,-1
34210.047459699,3,16957685,18,5856700,-1
34210.047460295,3,16958115,2,5856600,-1
34210.131535502,1,16979328,18,5856500,-1
34210.131547656,1,16979334,18,5856600,-1
34210.131572528,1,16979338,18,5856700,-1
34210.131592927,1,16979339,18,5856800,-1
34210.241147562,3,16948722,320,5856800,-1
34210.241247257,3,16972144,18,5854700,1
34210.241257287,3,16972157,4,5854600,1
34210.526653673,3,16972164,200,5859100,-1
34210.526785368,3,16979338,18,5856700,-1
34210.526789429,3,16979334,18,5856600,-1
34210.526792927,3,16979328,18,5856500,-1
34210.526810312,3,16979339,18,5856800,-1
34210.632267021,1,17011325,18,5856600,-1
34210.756845815,1,17020774,320,5856600,-1
34210.75693317,3,17011325,18,5856600,-1
34210.763367426,3,16949716,320,5856800,-1
34210.847553594,1,17026393,18,5856300,-1
34210.847585222,1,17026397,18,5856400,-1
34210.847600875,1,17026398,18,5856500,-1
34210.84762826,1,17026405,18,5856600,-1
34210.868110685,1,17027766,320,5856300,-1
34210.90226879,1,17029589,14,5856100,-1
34210.906278764,3,17020774,320,5856600,-1
34210.908120663,1,17030071,320,5856100,-1
34210.920070579,3,17027766,320,5856300,-1
34211.00434466,4,16249592,16,5854400,1
34211.00452784,3,17026398,18,5856500,-1
34211.004532651,3,17026397,18,5856400,-1
34211.00453353,3,17026405,18,5856600,-1
34211.146132928,3,16249592,50,5854400,1
34211.146253781,3,17026393,18,5856300,-1
34211.146282398,3,17029589,14,5856100,-1
34211.226849977,1,17047419,18,5855800,-1
34211.226890521,1,17047422,18,5855900,-1
34211.226899712,1,17047424,18,5856000,-1
34211.226920551,1,17047425,18,5856100,-1
34211.33328328,4,13419503,50,5854000,1
34211.334948467,4,3790155,20,5853800,1
34211.334948467,4,4725582,2,5853800,1
34211.387958796,3,16265573,100,5858700,-1
34211.388085386,3,17047422,18,5855900,-1
34211.388086017,3,17047424,18,5856000,-1
34211.388089305,3,17047419,18,5855800,-1
34211.388104371,3,17047425,18,5856100,-1
34211.439240606,1,17055489,100,5855800,-1
34211.506656257,1,17057352,320,5855800,-1
34211.508835733,3,17030071,320,5856100,-1
34211.683403235,1,17065496,320,5855600,-1
34211.685481654,3,17057352,320,5855800,-1
34212.052057667,1,17077786,18,5855400,-1
34212.052098179,1,17077789,18,5855500,-1
34212.053609867,1,17077932,320,5855400,-1
34212.054205008,3,17065496,320,5855600,-1
34212.057109841,1,17078173,18,5855200,-1
34212.057131009,1,17078176,18,5855300,-1
34212.05824151,1,17078284,320,5855200,-1
34212.058727741,3,17077932,320,5855400,-1
34212.079852755,3,16675969,143,5856800,-1
34212.08008559,1,17079484,143,5853900,-1
34212.080208915,4,17079484,143,5853900,-1
34212.080287308,1,17079499,1,5853900,1
34212.081038785,1,17079564,320,5855200,-1
34212.08134726,3,17078284,320,5855200,-1
34212.095970517,4,17079499,1,5853900,1
34212.130661659,3,16295892,100,5858900,-1
34212.130840721,1,17082021,100,5855400,-1
34212.267055429,1,17090001,320,5855100,-1
34212.267181112,3,17078173,18,5855200,-1
34212.267184507,3,17077789,18,5855500,-1
34212.267188227,3,17077786,18,5855400,-1
34212.267189123,3,17078176,18,5855300,-1
34212.267930958,3,17079564,320,5855200,-1
34212.555647156,1,17099848,27,5855000,-1
34212.557195301,1,17099873,320,5855000,-1
34212.557641708,3,17090001,320,5855100,-1
34212.582853636,3,17099848,27,5855000,-1
34212.607269431,4,12695153,5,5853600,1
34213.897096657,1,17132504,320,5854300,-1
34213.897614022,3,17099873,320,5855000,-1
34214.181766435,5,0,100,5854200,-1
34214.181907793,1,17140921,18,5853100,1
34214.181954244,1,17140924,4,5853000,1
34214.313574215,1,17144557,320,5854200,-1
34214.313671934,3,17140921,18,5853100,1
34214.313672671,3,17140924,4,5853000,1
34214.314102131,3,17132504,320,5854300,-1
34215.089261118,1,17166135,100,5853600,1
34215.204460371,5,0,31,5854100,-1
34215.204460371,5,0,200,5854100,-1
34215.204460371,4,17144557,69,5854200,-1
34215.222056281,4,17144557,251,5854200,-1
34215.222997296,1,17172314,251,5854300,-1
34215.223443124,3,17172314,251,5854300,-1
34217.169719861,3,17082021,100,5855400,-1
34217.169871376,1,17248317,100,5855700,-1
34217.205484251,1,17249867,18,5853600,1
34217.205625508,5,0,12,5855500,-1
34217.205625508,4,17248317,88,5855700,-1
34217.205639049,4,17248317,12,5855700,-1
34217.205745954,1,17250016,4,5853700,1
34217.205932482,4,17055489,100,5855800,-1
34217.206561301,1,17250485,59,5855800,-1
34217.20671967,4,17250485,59,5855800,-1
34217.20671967,5,0,100,5856100,-1
34217.224371313,5,0,100,5856200,1
34218.299262015,5,0,100,5855200,-1
34218.299262015,5,0,11,5855700,-1
34218.299372333,1,17293774,18,5856700,-1
34218.299456108,3,17249867,18,5853600,1
34218.457787528,1,17300494,18,5856400,-1
34218.457815865,1,17300495,18,5856500,-1
34218.457835621,1,17300497,18,5856600,-1
34218.457910779,3,17250016,4,5853700,1
34219.279164832,1,17324274,18,5856400,-1
34219.27929371,3,17300495,18,5856500,-1
34219.279294981,3,17293774,18,5856700,-1
34219.279296576,3,17300497,18,5856600,-1
34219.320087956,1,17325121,18,5856300,-1
34219.347161993,1,17325702,100,5859900,-1
34219.517076244,5,0,45,5854700,1
34219.517076244,5,0,11,5854500,1
34219.517076244,5,0,100,5854400,1
34219.517076244,1,17329817,44,5854400,-1
34219.51720018,4,17329817,44,5854400,-1
34219.517282398,3,17300494,18,5856400,-1
34219.517286917,3,17324274,18,5856400,-1
34219.517301103,3,17325121,18,5856300,-1
34219.517343909,1,17329859,18,5856200,-1
34219.517476892,3,17329859,18,5856200,-1
34219.517746191,5,0,100,5854500,1
34219.517830407,1,17329912,18,5856800,-1
34219.517859255,1,17329915,18,5856700,-1
34219.517901648,1,17329922,8,5856500,-1
34219.524768526,1,17331198,18,5853600,1
34219.530966388,1,17332747,18,5856500,-1
34219.54078667,1,17334022,18,5856200,-1
34219.540815868,1,17334023,8,5856300,-1
34220.114770695,1,17354342,100,5854100,1
34220.114921446,3,17331198,18,5853600,1
34220.114928735,3,17329915,18,5856700,-1
34220.114929361,3,17329912,18,5856800,-1
34220.114929923,3,17329922,8,5856500,-1
34220.114948979,3,17332747,18,5856500,-1
34220.114977592,3,17334023,8,5856300,-1
34220.270330299,1,17359068,14,5856100,-1
34221.023828585,1,17382133,18,5855800,-1
34221.023900076,1,17382136,18,5856100,-1
34221.023975391,3,17334022,18,5856200,-1
34222.480233188,4,17354342,100,5854100,1
34222.480409206,3,17382133,18,5855800,-1
34222.480410913,3,17359068,14,5856100,-1
34222.480429642,3,17382136,18,5856100,-1
34222.670364787,1,17433600,100,5854000,1
34223.052028151,5,0,100,5855100,-1
34223.052115679,1,17443748,18,5854000,1
34223.052156873,1,17443753,4,5854100,1
34223.064575892,1,17444108,35,5854300,1
34223.272801653,5,0,100,5854400,1
34223.272881711,1,17451852,18,5856800,-1
34223.272916778,1,17451856,18,5856700,-1
34223.273008597,3,17443748,18,5854000,1
34223.273010993,3,17443753,4,5854100,1
34224.087888963,3,13126986,10,5851700,1
34224.087987753,3,17451856,18,5856700,-1
34224.087990258,3,17451852,18,5856800,-1
34224.132878929,1,17473627,100,5853700,1
34224.330892941,3,17433600,100,5854000,1
34224.336665396,1,17478659,100,5849900,1
34225.019786766,1,17494351,18,5854600,1
34225.019831763,1,17494356,4,5854500,1
34226.365315407,1,17533841,125,5853600,1
34226.36541877,3,17494356,4,5854500,1
34226.365420435,3,17494351,18,5854600,1
34226.452728871,3,17444108,35,5854300,1
34226.533704582,1,17537269,18,5856500,-1
34226.533737902,1,17537270,18,5856600,-1
34226.533765379,1,17537271,18,5856700,-1
34226.533782079,1,17537272,18,5856800,-1
34226.825396211,3,15888689,200,5859800,-1
34226.82587868,3,15826429,200,5859400,-1
34226.82600289,3,17537271,18,5856700,-1
34226.826003805,3,17537269,18,5856500,-1
34226.826009596,3,17537270,18,5856600,-1
34226.826010048,3,17537272,18,5856800,-1
34226.974302106,1,17547517,18,5856500,-1
34226.974333298,1,17547518,18,5856600,-1
34226.974363106,1,17547519,18,5856700,-1
34226.974382536,1,17547520,18,5856800,-1
34227.437330595,1,17564371,100,5854700,1
34227.437463631,3,17547520,18,5856800,-1
34227.437464155,3,17547519,18,5856700,-1
34227.437468645,3,17547517,18,5856500,-1
34227.43746982,3,17547518,18,5856600,-1
34227.449996974,1,17564594,18,5856500,-1
34227.450023472,1,17564597,18,5856600,-1
34227.450056581,1,17564599,18,5856700,-1
34227.450088595,1,17564600,18,5856800,-1
34227.595283027,1,17572155,14,5856400,-1
34227.595411874,3,17564600,18,5856800,-1
34227.595415722,3,17564594,18,5856500,-1
34227.595417519,3,17564597,18,5856600,-1
34227.595418034,3,17564599,18,5856700,-1
34227.608626385,1,17573984,18,5855000,1
34227.731684828,1,17592758,6,5855300,1
34227.731849051,3,17572155,14,5856400,-1
34227.732213652,4,16898660,2,5856800,-1
34227.732521213,1,17593372,4,5855300,1
34227.732533703,1,17593380,18,5857900,-1
34228.069592024,5,0,100,5856400,-1
34228.06976112,3,17573984,18,5855000,1
34228.069763888,3,17593380,18,5857900,-1
34228.07636131,5,0,100,5856400,1
34228.076445351,1,17630168,18,5858000,-1
34228.076486999,1,17630174,18,5855400,1
34228.977296262,1,17664948,10,5857900,-1
34228.977434098,3,17630174,18,5855400,1
34228.977444304,3,17592758,6,5855300,1
34228.977445276,3,17593372,4,5855300,1
34228.977467848,3,17630168,18,5858000,-1
34229.468992439,1,17682589,18,5855000,1
34229.46905665,1,17682594,8,5854900,1
34229.469103907,3,17664948,10,5857900,-1
34229.482287293,1,17682924,18,5857700,-1
34229.482366831,1,17682933,18,5857800,-1
34229.482367916,1,17682934,18,5858000,-1
34229.48237716,1,17682935,18,5857900,-1
34229.582267282,1,17685739,100,5854200,1
34229.582360137,3,17682589,18,5855000,1
34229.582361218,3,17682594,8,5854900,1
34229.950358396,1,17696306,18,5854900,1
34229.950383153,1,17696310,8,5854800,1
34229.950504051,3,17682933,18,5857800,-1
34229.950512807,3,17682924,18,5857700,-1
34229.950532951,3,17682935,18,5857900,-1
34229.950534712,3,17682934,18,5858000,-1
34229.984817677,1,17698596,18,5857700,-1
34229.984849086,1,17698599,18,5857800,-1
34229.984876079,1,17698600,18,5857900,-1
34229.984898765,1,17698602,18,5858000,-1
34230.185672925,1,17708793,70,5855000,1
34230.185809299,3,17698596,18,5857700,-1
34230.185810304,3,17696310,8,5854800,1
34230.185810756,3,17698602,18,5858000,-1
34230.185823624,3,17698599,18,5857800,-1
34230.185824209,3,17698600,18,5857900,-1
34230.26534354,1,17712744,8,5855200,1
34230.265433878,3,17696306,18,5854900,1
34230.352536659,1,17715324,18,5857700,-1
34230.352554982,1,17715329,18,5857800,-1
34230.352590294,1,17715335,18,5857900,-1
34230.352604439,1,17715338,18,5858000,-1
34231.363620767,1,17746960,18,5855500,1
34231.364322465,3,17715324,18,5857700,-1
34231.364343256,3,17715335,18,5857900,-1
34231.364345473,3,17715329,18,5857800,-1
34231.364359872,3,17715338,18,5858000,-1
34231.384272617,1,17747860,200,5858100,-1
34231.437453602,1,17753844,18,5857800,-1
34231.437490767,1,17753856,18,5857900,-1
34231.437503968,1,17753862,18,5858000,-1
34231.74844703,1,17766530,18,5857700,-1
34231.748574392,3,17746960,18,5855500,1
34231.748575445,3,17753856,18,5857900,-1
34231.748576687,3,17712744,8,5855200,1
34231.748590013,3,17753862,18,5858000,-1
34231.780273498,1,17767360,100,5855200,1
34232.493236945,1,17789587,18,5855300,1
34232.493277549,1,17789601,8,5855200,1
34232.493401043,3,17753844,18,5857800,-1
34232.493421468,3,17766530,18,5857700,-1
34232.507320896,1,17790217,18,5857700,-1
34232.507333587,1,17790219,18,5857800,-1
34232.507365295,1,17790220,18,5857900,-1
34232.507401074,1,17790222,18,5858000,-1
34232.799047587,3,17166135,100,5853600,1
34232.799200251,3,17790219,18,5857800,-1
34232.799202266,3,17789601,8,5855200,1
34232.799204526,3,17789587,18,5855300,1
34232.799217657,3,17790220,18,5857900,-1
34232.799220303,3,17790222,18,5858000,-1
34232.799220946,3,17790217,18,5857700,-1
34233.00537675,1,17804761,18,5857700,-1
34233.005410703,1,17804763,18,5857800,-1
34233.005433439,1,17804765,18,5857900,-1
34233.005460017,1,17804769,18,5858000,-1
34233.465320818,3,17767360,100,5855200,1
34233.465442717,3,17804763,18,5857800,-1
34233.4654437,3,17804765,18,5857900,-1
34233.465445276,3,17804761,18,5857700,-1
34233.465464358,3,17804769,18,5858000,-1
34233.465868311,1,17825130,18,5855300,1
34233.465910853,1,17825141,8,5855200,1
34233.612153047,1,17830372,18,5857700,-1
34233.612179981,1,17830375,18,5857800,-1
34233.612199289,1,17830380,18,5857900,-1
34233.612241792,1,17830388,18,5858000,-1
34233.612319242,3,17825141,8,5855200,1
34233.612319978,3,17825130,18,5855300,1
34233.615478295,1,17830943,12,5857400,-1
34233.75039403,1,17835363,18,5855300,1
34233.750434268,1,17835367,8,5855200,1
34233.750560268,3,17830375,18,5857800,-1
34233.750561789,3,17830388,18,5858000,-1
34233.75057218,3,17830372,18,5857700,-1
34233.750574073,3,17830943,12,5857400,-1
34233.750602162,3,17830380,18,5857900,-1
34233.868678023,1,17838491,18,5857700,-1
34233.86875118,1,17838502,18,5857800,-1
34233.86879145,1,17838509,18,5857900,-1
34233.868800535,1,17838512,18,5858000,-1
34233.868847613,3,17835363,18,5855300,1
34233.868862593,3,17835367,8,5855200,1
34234.093000057,1,17848351,12,5857400,-1
34234.093107402,3,17838502,18,5857800,-1
34234.093108461,3,17838509,18,5857900,-1
34234.09312394,3,17838512,18,5858000,-1
34234.13930768,1,17850111,18,5855300,1
34234.139341942,1,17850115,8,5855200,1
34234.279409487,1,17859734,18,5857200,-1
34234.27945908,1,17859746,18,5857400,-1
34234.27957654,3,17850111,18,5855300,1
34234.279579665,3,17838491,18,5857700,-1
34234.27959842,3,17850115,8,5855200,1
34234.355328435,4,17859734,18,5857200,-1
34234.355328435,4,17848351,12,5857400,-1
34234.355328435,4,17859746,13,5857400,-1
34234.35541262,1,17865030,100,5855500,1
34234.35541378,1,17865031,18,5855000,1
34234.35545013,1,17865034,18,5855100,1
34234.355492594,1,17865036,18,5855300,1
34234.385614796,4,17859746,5,5857400,-1
34234.385614796,5,0,86,5857600,-1
34234.385689697,1,17866294,15,5855500,1
34234.385699607,1,17866295,100,5855600,1
34234.385848212,3,17865031,18,5855000,1
34234.387236237,3,17865030,100,5855500,1
34234.412403907,1,17867721,18,5855700,1
34234.412502586,3,17865034,18,5855100,1
34234.415602621,1,17868002,100,5858200,-1
34234.416149314,3,17868002,100,5858200,-1
34234.541284007,3,17866295,100,5855600,1
34234.54138996,3,17865036,18,5855300,1
34234.541390391,3,17867721,18,5855700,1
34234.541406557,3,17866294,15,5855500,1
34234.554420572,1,17872089,16,5855300,1
34234.554448499,1,17872091,18,5855200,1
34234.554488458,1,17872093,18,5855000,1
34234.742684923,1,17878558,18,5857700,-1
34234.742720337,1,17878562,18,5857800,-1
34234.742740822,1,17878563,2,5857900,-1
34234.742821607,3,17872091,18,5855200,1
34234.742826285,3,17872089,16,5855300,1
34234.74283818,3,17872093,18,5855000,1
34234.754309814,1,17879081,18,5855300,1
34234.754341372,1,17879083,18,5855200,1
34234.754367197,1,17879085,18,5855100,1
34234.75438902,1,17879087,16,5855000,1
34235.438801141,3,17685739,100,5854200,1
34235.438950075,3,17878562,18,5857800,-1
34235.438953097,3,17878558,18,5857700,-1
34235.438959651,3,17878563,2,5857900,-1
34235.438961309,3,17879085,18,5855100,1
34235.438965836,3,17879081,18,5855300,1
34235.438967018,3,17879083,18,5855200,1
34235.438978997,3,17879087,16,5855000,1
34235.62807555,1,17908561,12,5855300,1
34235.628110184,1,17908565,18,5855200,1
34235.62817173,1,17908572,18,5855000,1
34235.707574115,1,17910678,18,5857700,-1
34235.707639919,1,17910701,18,5857800,-1
34235.707677566,1,17910716,6,5857900,-1
34235.925124202,1,17918246,18,5855600,1
34235.925263133,3,17908565,18,5855200,1
34235.9252711,3,17908572,18,5855000,1
34235.925272852,3,17910716,6,5857900,-1
34235.925284415,3,17910678,18,5857700,-1
34235.925285075,3,17910701,18,5857800,-1
34235.953491973,1,17919096,18,5857900,-1
34235.955210636,1,17919178,100,5857400,-1
34236.957055345,1,17945311,200,5855100,1
34236.95717014,3,17908561,12,5855300,1
34236.957172012,3,17919096,18,5857900,-1
34236.957173349,3,17918246,18,5855600,1
34237.023415106,1,17947447,18,5855400,1
34237.023448172,1,17947450,18,5855300,1
34237.023478908,1,17947453,18,5855200,1
34237.023501323,1,17947454,12,5855100,1
34237.295363936,1,17957381,100,5857300,-1
34237.295489481,3,17947450,18,5855300,1
34237.295497905,3,17947447,18,5855400,1
34237.295501279,3,17947453,18,5855200,1
34237.295515346,3,17947454,12,5855100,1
34237.32873423,1,17958344,12,5855400,1
34237.328771974,1,17958347,18,5855300,1
34237.328795572,1,17958349,18,5855200,1
34237.328851342,1,17958355,18,5855100,1
34237.332150367,1,17958433,100,5860300,-1
34238.002904218,3,17919178,100,5857400,-1
34238.003039768,3,17958355,18,5855100,1
34238.003042941,3,17958349,18,5855200,1
34238.003059067,3,17958344,12,5855400,1
34238.003090749,3,17958347,18,5855300,1
34238.134767445,1,17990493,35,5854400,1
34238.384242822,1,17997929,18,5855400,1
34238.384286491,1,17997934,18,5855300,1
34238.384331199,1,17997939,18,5855200,1
34238.384377174,1,17997943,12,5855100,1
34239.262268134,4,17997929,18,5855400,1
34239.262348214,1,18022350,18,5857300,-1
34239.262395866,1,18022357,18,5857200,-1
34239.262519876,3,17997939,18,5855200,1
34239.262521012,3,17997943,12,5855100,1
34239.262524039,3,17997934,18,5855300,1
34239.263611981,3,17957381,100,5857300,-1
34239.721464369,1,18033051,18,5856900,-1
34239.721519587,1,18033053,6,5857100,-1
34239.721593584,3,18022350,18,5857300,-1
34240.594933429,5,0,5,5855400,1
34240.595110177,3,18022357,18,5857200,-1
34240.595112312,3,18033053,6,5857100,-1
34241.017802809,1,18064129,300,5851500,1
34242.084995031,5,0,25,5855600,1
34242.085607821,5,0,25,5855600,1
34242.085607821,5,0,175,5855400,1
34242.087302783,5,0,20,5855400,1
34242.087302783,4,17945311,80,5855100,1
34242.087393998,1,18091848,18,5856800,-1
34242.095295299,1,18092077,300,5855200,-1
34242.095405551,4,17945311,120,5855100,1
34242.095412434,4,17708793,70,5855000,1
34242.095512159,4,17564371,100,5854700,1
34242.095603971,1,18092101,100,5855100,-1
34242.095740199,1,18092111,100,5854700,1
34242.0960365,4,18092111,100,5854700,1
34242.09605977,4,17990493,35,5854400,1
34242.125978297,4,17473627,100,5853700,1
34242.126058021,1,18092945,100,5855000,-1
34242.128493057,3,18092101,100,5855100,-1
34242.281282536,3,18092945,100,5855000,-1
34242.281388814,3,18091848,18,5856800,-1
34242.281391065,3,18033051,18,5856900,-1
34242.320906583,1,18097822,6,5854900,-1
34242.32093606,1,18097823,18,5855000,-1
34242.320966286,1,18097824,18,5855100,-1
34242.320974264,1,18097825,18,5855200,-1
34242.391038869,5,0,10,5854800,-1
34242.391116126,1,18099252,18,5853700,1
34242.537922535,4,18099252,18,5853700,1
34242.538131248,3,18097823,18,5855000,-1
34242.538131706,3,18097822,6,5854900,-1
34242.538133219,3,18097824,18,5855100,-1
34242.538135946,3,18097825,18,5855200,-1
34242.539574882,4,17533841,125,5853600,1
34242.539963416,5,0,100,5853500,1
34242.540036758,1,18102098,18,5855200,-1
34242.540075221,1,18102100,6,5855100,-1
34242.542601317,1,18102164,100,5853000,1
34242.935112958,4,11599111,49,5853000,1
34242.935273246,3,18102098,18,5855200,-1
34242.935275142,3,18102100,6,5855100,-1
34243.161619417,5,0,49,5853100,1
34243.161699972,1,18117815,18,5855200,-1
34243.161737757,1,18117818,18,5855100,-1
34243.452960619,4,11599111,50,5853000,1
34243.453129075,3,18117815,18,5855200,-1
34243.453130097,3,18117818,18,5855100,-1
34243.467275681,4,11599111,100,5853000,1
34243.467353715,1,18126374,18,5855200,-1
34243.467384164,1,18126376,18,5855100,-1
34243.678623646,1,18129982,19,5853000,1
34243.678719321,3,18126376,18,5855100,-1
34243.678727602,3,18126374,18,5855200,-1
34244.070699969,1,18138348,18,5854900,-1
34244.070740541,1,18138352,18,5855000,-1
34244.070758245,1,18138353,18,5855100,-1
34244.07079111,1,18138355,18,5855200,-1
34245.281721068,1,18173780,18,5853100,1
34245.281805592,1,18173787,100,5853100,1
34245.281874419,3,18138348,18,5854900,-1
34245.281878263,3,18138353,18,5855100,-1
34245.281878888,3,18138355,18,5855200,-1
34245.281887785,3,18138352,18,5855000,-1
34245.282410072,3,18102164,100,5853000,1
34245.688820232,5,0,100,5854000,-1
34245.688976615,3,18173780,18,5853100,1
34245.691221857,3,18129982,19,5853000,1
34245.694186907,1,18185336,19,5853200,1
34245.694267426,1,18185345,100,5853200,1
34245.694773331,3,18173787,100,5853100,1
34246.68826075,5,0,100,5853400,1
34246.689153933,3,18185336,19,5853200,1
34246.689354442,4,18185345,100,5853200,1
34246.689431471,1,18206947,18,5855200,-1
34246.689441034,1,18206949,100,5854800,-1
34246.693961421,1,18207015,21,5851600,1
34246.779185361,4,11599111,31,5853000,1
34246.779265451,1,18210016,18,5854800,-1
34246.779299836,1,18210021,18,5854700,-1
34246.779330868,1,18210024,18,5851700,1
34246.779363521,1,18210025,18,5854500,-1
34246.841284256,3,18206949,100,5854800,-1
34246.84136535,3,18206947,18,5855200,-1
34246.945270425,1,18213670,100,5851400,1
34246.945272329,1,18213671,100,5855100,-1
34246.945391973,3,18210025,18,5854500,-1
34246.94539349,3,18210021,18,5854700,-1
34246.945393865,3,18210016,18,5854800,-1
34246.945394681,3,18210024,18,5851700,1
34246.964670283,1,18214348,18,5851700,1
34246.964710314,1,18214352,12,5851600,1
34247.097986134,1,18218461,18,5855000,-1
34247.098052251,1,18218469,18,5855100,-1
34247.098124694,3,18214348,18,5851700,1
34247.098144382,3,18214352,12,5851600,1
34247.340863245,1,18224214,18,5851900,1
34247.340927427,1,18224223,12,5851800,1
34247.340994022,3,18218469,18,5855100,-1
34247.341026021,3,18218461,18,5855000,-1
34247.383864403,1,18225112,18,5855000,-1
34247.383899536,1,18225114,18,5855100,-1
34247.507469814,5,0,100,5854900,-1
34247.507469814,5,0,100,5854900,-1
34247.507469814,5,0,100,5854900,-1
34247.507469814,5,0,100,5854900,-1
34247.507469814,5,0,30,5854900,-1
34247.507469814,4,18225112,18,5855000,-1
34247.507469814,5,0,15,5855000,-1
34247.507469814,4,18213671,100,5855100,-1
34247.507469814,4,18225114,18,5855100,-1
34247.507574573,1,18226846,100,5852100,1
34247.507651145,3,18224223,12,5851800,1
34247.508404114,3,18207015,21,5851600,1
34247.510643582,5,0,100,5855100,-1
34247.510722493,1,18226913,18,5852100,1
34247.510752216,1,18226915,6,5852200,1
34247.530052989,1,18227280,100,5855100,-1
34247.544222178,5,0,300,5855000,-1
34247.544222178,5,0,100,5855000,-1
34247.544222178,4,18227280,100,5855100,-1
34247.544222178,5,0,149,5855100,-1
34247.544305082,1,18227609,100,5852300,1
34247.546721309,3,18226846,100,5852100,1
34247.566058684,1,18228272,100,5855100,-1
34247.573089965,4,18228272,100,5855100,-1
34247.573089965,4,18092077,300,5855200,-1
34247.573089965,5,0,800,5855200,-1
34247.573167083,1,18228408,100,5852400,1
34247.573192316,1,18228411,18,5857900,-1
34247.575320309,3,18227609,100,5852300,1
34247.594210031,1,18228927,100,5857600,-1
34247.598044896,1,18229080,18,5857300,-1
34247.598086195,1,18229087,18,5857400,-1
34247.598101785,1,18229089,12,5857500,-1
34247.610967564,1,18229427,100,5857500,-1
34247.611945241,3,18229427,100,5857500,-1
34247.613549046,1,18229483,100,5857500,-1
34247.616631157,3,18229483,100,5857500,-1
34247.618211913,1,18229724,100,5857500,-1
34247.618288557,3,18224214,18,5851900,1
34247.620872939,1,18229784,100,5853200,1
34247.620964282,3,18226913,18,5852100,1
34247.620968222,3,18226915,6,5852200,1
34247.628944024,1,18230032,100,5857200,-1
34247.629158091,3,18228927,100,5857600,-1
34247.682128975,1,18231455,18,5853500,1
34247.682158318,1,18231458,18,5853400,1
34247.682176155,1,18231460,6,5853300,1
34247.73528532,3,18228408,100,5852400,1
34247.735406384,3,18229089,12,5857500,-1
34247.735408737,3,18228411,18,5857900,-1
34247.735409194,3,18229080,18,5857300,-1
34247.735427797,3,18229087,18,5857400,-1
34247.736240329,5,0,100,5856400,-1
34247.736733075,3,18229724,100,5857500,-1
34247.738295225,1,18232862,100,5857100,-1
34247.902045434,1,18236207,18,5856200,1
34247.902146775,4,18236207,18,5856200,1
34247.902154799,3,18231458,18,5853400,1
34247.902157166,3,18231455,18,5853500,1
34247.90217879,3,18231460,6,5853300,1
34247.902232593,1,18236214,100,5857000,-1
34247.903051483,3,18232862,100,5857100,-1
34247.904658054,1,18236283,100,5856900,-1
34248.05228323,3,18236214,100,5857000,-1
34248.114604502,1,18242052,100,5858500,-1
34249.040078264,3,18236283,100,5856900,-1
34249.041758793,1,18258361,100,5857100,-1
34249.086375027,1,18259338,18,5853500,1